1,Lars,Duck,8
2,Halli,Baumford,6
3,Alane,Eicke,15
4,Petra,Kingsnode,32
5,Lawry,Penniell,23
6,Harmonia,McSkeagan,53
7,Martie,Milmoe,36
8,Wayne,Kells,25
9,Rabi,Carnson,1
10,Leanor,Ruggier,11
11,Nancie,Iannazzi,9
12,Marika,Shale,46
13,Irena,Dallemore,37
14,Rogerio,Northwood,52
15,Wye,Forsaith,7
16,Wilek,Arnson,61
17,Mac,Doby,60
18,Mary,Robertson,14
19,Trula,Jarnell,53
20,Roselle,Hillen,12
21,Bren,Mackneis,24
22,Cornelle,Carpenter,6
23,Lenette,Gilston,7
24,Cornelius,Guilayn,14
25,Chico,Gammet,32
26,Aindrea,Slocomb,2
27,Saundra,Sinnett,46
28,Charlotte,Pleasaunce,50
29,Hannis,Kingwell,44
30,Anette,Umney,17
31,Morton,Twelftree,61
32,Regine,Jozefowicz,18
33,Seymour,MacAlinden,29
34,Pamelina,Serjeantson,21
35,Ruthi,Gillbanks,41
36,Marja,Gorvin,57
37,Cornelia,Romanin,58
38,Haskell,Kidman,54
39,Tom,Shepheard,59
40,Sandye,Dietzler,12
41,Xavier,Yerrall,1
42,Cassandra,Whisson,23
43,Caitrin,Sissland,56
44,Tarah,Punton,25
45,Nanete,Summerrell,1
46,Sheila,Occleshaw,55
47,Celeste,Sterman,15
48,Emanuele,O'Gready,42
49,Rakel,Mayow,2
50,Tawnya,Mushet,14
51,Tracie,Gristhwaite,17
52,Tabby,Dwelly,30
53,Valaria,Buxy,3
54,Tandi,Ernshaw,11
55,Tillie,Smedmoor,24
56,Francklin,Brugman,59
57,Dore,Snoddon,57
58,Cecily,Coye,43
59,Lilian,Tunnacliffe,13
60,Iggy,Joscelin,9
61,Sarah,Thirsk,45
62,Elfie,Sigert,2
63,Tallia,Thornborrow,57
64,Lynda,Labusch,16
65,Thibaut,Ragg,26
66,Jolee,Joyce,52
67,Thomas,Lukesch,25
68,Stefa,Cottage,27
69,Lynsey,Bilofsky,53
70,Harmony,Lewsie,45
71,Henka,Lezemore,42
72,Avril,Pontin,45
73,Amelita,Dik,36
74,Netta,Halmkin,17
75,Anallese,Wapple,53
76,Lesley,Martindale,17
77,Meghan,Doerren,27
78,Roslyn,Cringle,51
79,Vin,Le Bosse,11
80,Charo,Derye-Barrett,35
81,Aggy,Hadgkiss,57
82,Ardelia,Stenet,25
83,Janaya,Lembrick,50
84,Jorge,Wattinham,9
85,Sharia,Koppens,35
86,Matilda,Drowsfield,44
87,Gay,Cardow,43
88,Simona,Paulon,7
89,Emelina,Ackery,61
90,Natka,Jewers,61
91,Rosene,Caplan,52
92,Neale,Djokic,7
93,Alicea,Aiers,51
94,Carlie,Greenham,36
95,Kermy,Guillain,11
96,Liz,Pedlow,24
97,Erskine,Witty,57
98,Janeczka,Loveard,0
99,Alexia,Dundridge,56
100,Tabor,Haslock(e),49
101,Perren,Brushfield,50
102,Bartram,Senecaut,15
103,Nadean,Spykings,30
104,Martha,Ongin,40
105,Linoel,Chalfant,38
106,Derek,Wincott,29
107,Othello,Ranvoise,56
108,Lewes,Matherson,33
109,Meade,Harrad,53
110,Hollis,Olliff,25
111,Mariya,Kiefer,28
112,Isabella,De Marchi,60
113,Sanson,Groom,44
114,Clare,Luard,55
115,Harry,Finney,30
116,Britta,Beckford,33
117,Urbain,Thorneywork,46
118,Hyacinthie,Scurrell,55
119,Tedra,Dows,8
120,Cheri,McPhillips,59
121,Kristien,Giscken,60
122,Farrel,Keedwell,22
123,Dar,Reis,47
124,Zsa zsa,de Leon,57
125,Shelby,Coils,22
126,Dallis,Bottjer,26
127,Lyndy,Broadbere,34
128,Lorette,Stryde,43
129,Laurella,Lalor,22
130,Alessandro,Pendrill,48
131,Sergeant,O'Doohaine,47
132,Flory,Dunton,36
133,Cristi,Wilacot,15
134,Susy,Andriulis,11
135,Cahra,Thorneley,44
136,Stefa,Trattles,27
137,Kit,Comerford,14
138,Wilbur,Hallwood,4
139,Alameda,Stranahan,49
140,Bathsheba,Fortescue,7
141,Dewitt,Bellefant,50
142,Dee dee,Clewley,57
143,Orelle,Blowers,19
144,Gustavus,Plowell,40
145,Janis,Cheng,2
146,Sallie,Siggin,5
147,Oneida,MacTrustrie,33
148,Henrik,Bleeze,8
149,Deidre,Maylin,8
150,Rachael,Donovan,37
151,Tito,Caldecot,24
152,Herculie,Koppe,32
153,Hedwig,Craigs,14
154,Carmella,Philippart,28
155,Meredithe,Lockitt,16
156,Beryle,O'Connolly,17
157,Letti,Effaunt,48
158,Renault,Tweedy,25
159,Jemie,Kingsmill,43
160,Brittne,Aloshechkin,5
161,Blinni,Duffer,60
162,Kerianne,Kleinberer,59
163,Maurene,Engley,45
164,Nickola,Boldero,52
165,Jennifer,Rouch,22
166,Lanny,Overthrow,43
167,Freida,Ragg,5
168,Tiff,Baress,23
169,Randa,Cousens,43
170,Ralina,Matterdace,19
171,Lianne,Allder,22
172,Heda,Cleworth,32
173,Duky,Hazeley,58
174,Katie,Thebeaud,16
175,Aime,Torpie,34
176,Chrystel,Van Velden,39
177,Joelle,Oxer,29
178,Maury,Lewens,3
179,Urson,Osgordby,53
180,Morena,Schwier,25
181,Lanette,d'Escoffier,29
182,Lark,Sich,8
183,Perren,Kellen,33
184,Consalve,Bleyman,23
185,Marthe,Conklin,30
186,Gratiana,Noulton,12
187,Marice,Keilloh,46
188,Morrie,Weal,31
189,Emiline,Scathard,18
190,Stephan,Server,34
191,Waring,Boulden,24
192,Wally,Birkett,16
193,Vidovik,Orkney,15
194,Ettie,Mulles,40
195,Coretta,Morrish,44
196,Carolyn,Ingon,20
197,Reyna,Woodyear,42
198,Sallie,Sarton,25
199,Carroll,McQuaid,59
200,Thomasa,Burdon,47
201,Joell,Aldham,26
202,Darla,Threlkeld,42
203,Marybelle,Shilstone,39
204,Randie,Findon,51
205,Hi,Lukianovich,20
206,Chrissie,Peever,41
207,Hatty,Jobbings,1
208,Kylynn,Goodbarr,22
209,Madison,Mc Andrew,3
210,Raddie,Jorcke,56
211,Nyssa,Fielders,55
212,Kermie,Vern,20
213,Nikki,Seargeant,52
214,Cloe,Byre,14
215,Callida,Baitman,31
216,Quintilla,Tredget,9
217,Vilma,Gaymer,26
218,Drew,Bere,45
219,Elora,Lutwyche,35
220,Mallory,Tuohy,44
221,Abbot,Roakes,35
222,Shay,Kubanek,26
223,Edan,Bernard,15
224,Allyn,Ockenden,8
225,Cassy,Burfitt,17
226,Odille,Crutchley,53
227,Brunhilda,Loudiane,35
228,Delinda,Camacho,6
229,Alicia,McIlreavy,46
230,Eamon,Quig,7
231,Rolland,Brunner,11
232,Nicolais,Yitzowitz,49
233,Dari,Bulman,48
234,Aura,Lanfranchi,19
235,Bryna,Jurries,16
236,Domingo,Garrie,12
237,Trudi,Musslewhite,16
238,Eloisa,Greet,6
239,Fitzgerald,Haysman,35
240,Ivor,Obell,14
241,Kendrick,Vasyanin,20
242,Antoni,Linforth,43
243,Toiboid,Rousby,29
244,Ashil,Gillet,47
245,Reginald,Parnby,45
246,Terrijo,Stanway,41
247,Wendi,Bidder,30
248,Cammy,Andino,58
249,Calypso,Folliott,49
250,Donni,Beaman,1
251,Charmion,Trowle,29
252,Tull,Holton,54
253,Teddi,Balf,56
254,Conny,Syddon,39
255,Eve,Watkinson,53
256,Yoshiko,Parram,10
257,Charyl,Bader,49
258,Karoly,Baccus,35
259,Natty,Greenhaugh,16
260,Opaline,Iron,36
261,Sybil,Palliser,10
262,Lisabeth,Pinwill,10
263,Alphonse,Anderson,8
264,Alphard,Fritschmann,48
265,Keary,Entres,33
266,Justus,O'Drought,54
267,Lilah,Merfin,8
268,Arvie,Sowood,51
269,Dionis,Jarmain,37
270,Gilbert,Drackford,58
271,Gilles,Truss,11
272,Hiram,Studdard,20
273,Zeb,Seeking,12
274,Rachelle,Linton,12
275,Natalya,Risman,9
276,Byron,Meysham,27
277,Gillan,Duddy,17
278,Skip,Austick,10
279,Holli,MacTrustam,25
280,Edythe,Piddick,40
281,Carlee,Grinaugh,28
282,Hal,Hallifax,61
283,Inness,Brittian,56
284,Carlin,Tinman,14
285,Brucie,MacGauhy,8
286,Arleen,Carleman,42
287,Maible,Dobrowski,23
288,Bondy,Streeter,48
289,Gran,Farnall,53
290,Ebenezer,Klemt,19
291,Ollie,Angove,16
292,Elfrieda,Yellep,38
293,Benjie,Balazin,42
294,Korney,Dymock,49
295,Vaclav,Amott,60
296,Lurleen,MacAfee,16
297,Jereme,Neising,0
298,Malorie,Dienes,46
299,Goldina,Godleman,45
300,Marja,Rosenblad,43
301,Ferdy,Polino,39
302,Astrix,Bartaloni,44
303,Stacy,Goggan,31
304,Leanora,Yurevich,39
305,Ricoriki,Goly,44
306,Humbert,Charsley,52
307,Nedi,Fouracre,27
308,Lise,Ruddlesden,15
309,Grazia,Chetter,22
310,Prinz,Johanning,18
311,Fannie,Bagshawe,11
312,Mayer,Allaker,33
313,Gert,Tweedell,14
314,Dorian,Melby,17
315,Guthrey,Doniso,7
316,Clio,McFadin,15
317,Wilbert,Fussey,32
318,Bill,Whiley,7
319,Teirtza,Derricoat,51
320,Berte,Marchetti,24
321,Quintin,Raccio,32
322,Francine,Grayland,45
323,Tony,Jerrom,47
324,Selig,O'Driscole,21
325,Cornie,Swaffer,44
326,Francesca,Sydry,11
327,Lyndel,Pryke,15
328,Clara,Lum,10
329,Kissee,Hurne,30
330,Gwynne,Hallowell,13
331,Northrup,Fancutt,36
332,Ann,Mackilpatrick,60
333,Tonya,Robard,37
334,Ginger,Assad,6
335,Lillian,Kirby,27
336,Mathias,Spiteri,9
337,Aristotle,Biffin,17
338,Hebert,Mingey,51
339,Agneta,McGenis,29
340,Letta,Pringuer,45
341,Betteann,Milby,12
342,Erda,Rochelle,44
343,Ode,Radnage,58
344,Lissa,Riley,57
345,Hermann,Craddy,3
346,Tobe,Giriardelli,5
347,Letisha,Anstice,21
348,Kesley,Fullerton,32
349,Jorge,Menilove,45
350,Natalina,Stollberger,7
351,Dynah,Becks,23
352,Kaspar,Cockayne,20
353,Marigold,Aleksich,35
354,Stewart,Crudginton,58
355,Rosamond,Danaher,19
356,Guenna,Chellingworth,9
357,Burnaby,Scripps,8
358,Loutitia,Kneale,15
359,Cherice,Moulds,48
360,Veda,Habercham,59
361,Waneta,Addeycott,17
362,Giffard,Exrol,11
363,Donnamarie,Aveson,48
364,Janeta,Calfe,28
365,Daniele,Biernacki,32
366,Conny,Moulden,54
367,Rebe,Georgot,23
368,Rania,Aubery,8
369,Lenna,Kryzhov,7
370,Jenine,Hutsby,25
371,Tadeas,Gass,50
372,Elyn,Goring,27
373,Lion,Pilbury,53
374,Elroy,Carnegie,56
375,Ryun,Craiker,55
376,Chastity,Teanby,49
377,Rheba,Boycott,4
378,Ber,Perry,18
379,Jason,Trenouth,52
380,Alasdair,Pinock,39
381,Bank,Zukierman,36
382,Dagmar,Kernes,8
383,Isahella,Gandy,26
384,Celine,Elmhirst,44
385,Shanan,Hussell,50
386,Rici,Sommerlin,20
387,Fredrick,Acey,45
388,Jdavie,Allmen,0
389,Randee,Hebard,51
390,Elysee,Flaune,50
391,Mirabel,Barthram,9
392,Sidoney,Elsmore,61
393,Craig,Conahy,37
394,Aliza,Carlozzi,25
395,Hernando,Grunbaum,39
396,Ina,Bispham,20
397,Elizabeth,Deveril,32
398,Maryjo,Chese,55
399,Kayne,Sessions,8
400,Leo,Tesimon,39
401,Clemmy,Castell,28
402,Rourke,Ramlot,36
403,Nilson,Laherty,12
404,Ema,Haliday,11
405,Gregoor,Loiterton,54
406,Koralle,Goodlife,0
407,Angelika,Hollows,36
408,Lara,Viles,40
409,Laural,Illem,46
410,Barbaraanne,Sancto,16
411,Norina,O'Neill,22
412,Obie,Fedorchenko,4
413,Hally,Wildor,27
414,Bendicty,Romer,25
415,Sarene,Cossom,26
416,Cloris,Golland,15
417,Tan,Godlip,23
418,Thedrick,Culp,39
419,Cass,Livezley,44
420,Nonna,Kinnerley,37
421,Helaina,Sussams,31
422,Alvan,Hitcham,29
423,Eberhard,Beazer,25
424,Angela,Rubert,2
425,Laurence,Elener,6
426,Edgardo,Prise,28
427,Cecily,Cuchey,15
428,Liza,Megroff,49
429,Leland,Greg,19
430,Ilene,Thatcham,9
431,Baryram,Phelips,17
432,Ozzy,Saing,31
433,Bordie,Archbould,61
434,Yasmeen,Simoncello,49
435,Kiele,Rosenblum,30
436,Ruprecht,Power,48
437,Sibilla,Blackhurst,3
438,Othilie,Pretley,29
439,Muriel,Leeb,40
440,Marcile,Kintzel,10
441,Helene,Arnoll,44
442,Clarette,Jelphs,12
443,Hamid,Hinkens,28
444,Johanna,Greenroyd,23
445,Frank,Bail,27
446,Petey,Shevelin,32
447,Barnaby,Gumary,49
448,Ginnie,Ridolfi,2
449,Monte,Lambourne,12
450,Coral,Symmers,39
451,Birdie,Mapson,53
452,Karna,Reyes,12
453,Warde,Labbez,23
454,Edeline,Dudek,24
455,Deborah,Penton,4
456,Zaria,Novacek,29
457,Kaiser,Thonason,61
458,Emmalynne,Metherell,4
459,Sarge,Josilowski,48
460,Hagen,Cossam,31
461,Abigail,Tohill,37
462,Maynord,Ruddlesden,60
463,Fredrika,Goseling,37
464,Rouvin,Mattiato,2
465,Gib,Edwin,33
466,Patrizio,Guilder,17
467,Udall,Mathieson,4
468,Jaimie,McAvin,43
469,Krystal,Roberts,51
470,Opalina,de Quesne,13
471,Carleton,Ivanusyev,10
472,Will,Henstridge,12
473,Dorthy,Ascraft,59
474,Farr,Clymer,27
475,Philip,Slimmon,29
476,Mitchel,Sinson,42
477,Holly,Fantin,34
478,Rufe,Dablin,61
479,Wilow,Rowbotham,50
480,Rawley,Bust,0
481,Neel,Vizor,50
482,Ansley,Iskowicz,35
483,Naoma,Riepl,0
484,Laetitia,Shard,38
485,Marlane,Measey,55
486,Lanny,Minifie,60
487,Levy,Guile,51
488,Dacie,Christophe,49
489,Algernon,Crebott,55
490,Noreen,Josefer,23
491,Joshua,Cuddy,61
492,Rana,Wison,57
493,Pembroke,Ogelsby,44
494,Randa,Ostick,24
495,Hagan,Dommerque,43
496,Coletta,Delany,26
497,Magdaia,Stopper,59
498,Barde,Overy,40
499,Cristionna,Valencia,49
500,Nike,Lerego,30
501,Tymon,Fley,27
502,Tessi,Sculley,3
503,Sena,Arias,54
504,Abner,Keizman,13
505,Robby,Dana,29
506,Gregorius,Bruni,38
507,Cinda,Gardener,5
508,Pearl,Riddall,24
509,Freedman,Basford,61
510,Wilton,Whitman,2
511,Selig,Cartwight,14
512,Travis,Hue,55
513,Brandea,Matkin,18
514,Krishna,Davidescu,42
515,Boonie,Prin,54
516,Mikkel,Lindback,28
517,Berrie,Shilladay,61
518,Dorris,Mattedi,60
519,Marcellus,Goeff,33
520,Tymothy,Champain,14
521,Roxy,Van den Hof,43
522,Costanza,Mechic,22
523,Albertina,Bigadike,15
524,Elvina,Balk,41
525,Neville,Ketteringham,38
526,Harcourt,Remington,51
527,Flint,Ovanesian,9
528,Hope,Exon,9
529,Murielle,Dummer,7
530,Mufinella,De Meyer,29
531,Westleigh,Lowres,0
532,Brion,Milington,13
533,Wolfy,Gisbye,45
534,Karylin,Dimitriev,8
535,Vittoria,Toplin,19
536,Minda,Burdekin,41
537,Aurea,Olle,41
538,Ram,Arnson,45
539,Elsa,Durgan,44
540,Dina,McElvine,30
541,Christy,Brimley,14
542,Luther,De Vere,46
543,Jaquenetta,Zahor,6
544,Jerrilyn,McLafferty,51
545,Callean,Graveson,28
546,Sidonnie,Morat,4
547,Manny,Hanham,22
548,Camila,Mountlow,8
549,Danella,Kenningham,7
550,Dilan,Vanezis,4
551,Arlen,Kalberer,4
552,Ermengarde,Muris,48
553,Alaine,Vanyatin,31
554,Rozella,Tregidga,28
555,Rebecka,Gwinnel,44
556,Mackenzie,Geffen,53
557,Kaia,Featherston,43
558,Peirce,Crompton,21
559,Walden,Penhall,27
560,Delmor,Camoletto,4
561,Henriette,Nurny,4
562,Deane,D'Antoni,43
563,Angel,Gergolet,37
564,Koren,Lucia,19
565,Mirabelle,Philpotts,18
566,Haleigh,Giacomo,51
567,Berthe,Dunnico,61
568,Dara,Lindenberg,51
569,Carny,Hawford,13
570,Borden,Tharme,54
571,Beatriz,Carradice,45
572,Joanna,Antliff,52
573,Slade,Conelly,2
574,Ryley,Swoffer,0
575,Pepillo,D'Angeli,58
576,Harlen,Fullagar,48
577,Leonie,Bramwell,60
578,Ignatius,Sebborn,51
579,Manuel,Jacob,38
580,Antonio,Iacopo,47
581,Kerri,De Pero,57
582,Doroteya,White,21
583,Sollie,Urling,25
584,Eba,Meadowcroft,39
585,Teri,Kabsch,4
586,Alexio,Longfellow,52
587,Lorenza,Shires,52
588,Norrie,Watts,45
589,Mariya,Hoffner,30
590,Marrissa,Goodacre,10
591,Hilary,Sainer,12
592,Brent,Stoile,52
593,Jan,Hawgood,8
594,Justinian,Kinver,35
595,Daniella,Giraudo,47
596,Cassius,Battie,49
597,Paxon,Bowra,2
598,Bailey,Peachman,0
599,Buddy,Harwood,0
600,Jeffry,Starking,36
601,Eugene,Dimmer,2
602,Alwyn,Melpuss,32
603,Philbert,Engledow,51
604,Bobbi,Haydn,16
605,Joyous,Moulden,18
606,Annmaria,Murrthum,4
607,Maitilde,Ferreras,29
608,Franz,Pyke,16
609,Heather,Sara,5
610,Koral,Fricke,44
611,Gunther,Vynoll,9
612,Elga,Whale,43
613,Dick,Tetford,41
614,Therine,Attrill,53
615,Jacenta,Hebbard,41
616,Rubi,Botly,12
617,Fern,Somerbell,31
618,Lanny,Stedson,8
619,Rutherford,Zellmer,48
620,Ofilia,Merriott,7
621,Florette,Flute,25
622,Carmen,Panter,25
623,Franciskus,Scholler,45
624,Garland,Droogan,16
625,Kile,Feldbrin,13
626,Oralla,Avrahm,8
627,Hugues,Carlan,9
628,Letisha,Lanchester,43
629,Theo,Goodsir,30
630,Griz,Lantaff,20
631,Kennie,Catton,53
632,Karlene,Isaksson,5
633,Ly,Desbrow,35
634,Nikoletta,Milbourne,39
635,Raquel,Gregol,3
636,Meredithe,Brandenburg,32
637,Matti,Mathevet,32
638,Ryan,Binney,35
639,Ashil,Cominello,12
640,Corby,Scibsey,10
641,Alison,Bichard,31
642,Carlyle,Praten,51
643,Nessi,Eskriett,19
644,Conchita,Allflatt,59
645,Demetria,Colliard,53
646,Pamella,McGeaney,4
647,Anton,Inglish,17
648,Eunice,Champniss,1
649,Jacenta,Marrable,58
650,Lanni,Palomba,43
651,Buck,Allridge,59
652,Nicolis,Thackray,4
653,Susanna,Baddeley,12
654,Aube,Leafe,43
655,Leone,Cearley,43
656,Jenda,Rider,21
657,Wakefield,Pellman,33
658,Ralf,L'argent,29
659,Aaren,Hassewell,13
660,Dyana,Pyrah,37
661,Agatha,Bachnic,31
662,Danie,Bagger,29
663,Cully,Degoe,60
664,Crawford,Mackieson,40
665,Erl,Vooght,1
666,Wolfie,Chillingsworth,61
667,Broderic,Docksey,16
668,Tootsie,MacLeod,31
669,Ransom,Sambath,41
670,Beulah,Brimilcombe,6
671,Kalle,Showl,61
672,Ches,McEnery,33
673,Ula,Costain,43
674,Sherman,Passler,18
675,Giffie,Plumbridge,54
676,Harrietta,Coogan,18
677,Mag,Teulier,48
678,Alisun,Skeels,18
679,Morrie,Yerson,49
680,Eustace,Coathup,10
681,Inglebert,Bleue,19
682,Douglas,Schubart,36
683,Ray,Poat,20
684,Ileane,Jaszczak,13
685,Giffy,Armstead,16
686,Sula,Shorte,3
687,Jobi,Bitterton,53
688,Gert,Tidey,17
689,Meagan,Gilderoy,53
690,Riane,MacGowing,25
691,Nicol,Wignall,51
692,Cymbre,Zorzini,26
693,Julietta,Bayford,3
694,Lek,Hardwidge,59
695,Thekla,Birchner,1
696,Roze,Castelow,20
697,Mar,Pie,39
698,Gilbertine,Epine,36
699,Peyton,Shilladay,37
700,Corbet,Grolmann,53
701,Wally,Moylan,52
702,Carlo,Cheeld,50
703,Milly,Bettenson,8
704,Claude,Tween,53
705,Maiga,Ingledow,47
706,Delia,Hungerford,39
707,Karoly,Norman,12
708,Celene,Stileman,16
709,Stephenie,Salsbury,45
710,Cathrin,Blissitt,18
711,Tye,Cracie,24
712,Stavros,Willgoose,37
713,Con,Blackstone,54
714,Shelley,Jockle,37
715,Jasper,Gudyer,5
716,Cymbre,Urien,31
717,Pam,O'Callaghan,40
718,Nessy,Wylder,60
719,Ilise,Klassman,40
720,Donna,Landells,21
721,Rubin,Escot,34
722,Jacki,Venditti,58
723,Miles,Phillis,5
724,Kara,Kleuer,30
725,Tammara,MacCauley,11
726,Rosamund,Wrankling,38
727,Glori,Thomesson,33
728,Reagan,Kaman,7
729,Sollie,Mulberry,25
730,Madelene,Kerkham,33
731,Hana,Andreoletti,34
732,Bradney,Frankis,53
733,Corenda,Annakin,1
734,Viviana,Yarranton,17
735,Enrique,Flobert,52
736,Dulcie,Glencros,34
737,Spencer,MacCrann,39
738,Sigismund,Pooke,54
739,Arv,Gunnell,21
740,Jermain,Haslum,23
741,Selena,Fowgies,0
742,Fidela,Lasslett,32
743,Antonietta,Domican,6
744,Ericha,Keford,29
745,Sabine,Weins,15
746,Alisha,Luckcuck,61
747,Jorgan,Moorrud,17
748,Hastie,Meneur,60
749,Shadow,Novis,18
750,Aarika,Marlowe,58
751,Dunstan,Ridsdole,10
752,Georgine,Stiger,45
753,Yetta,Bradbury,24
754,Yevette,De Gowe,4
755,Nikolia,Emma,26
756,Jodee,Vernay,39
757,Ben,Margeram,11
758,Rayshell,Quantrell,23
759,Jolyn,Bradbury,11
760,Zebadiah,Skelhorn,13
761,Ignazio,Goodale,51
762,Elissa,Pochon,55
763,Analise,Josefovic,36
764,Glynn,Dockree,32
765,Freemon,Fynes,18
766,Rabbi,Southerell,3
767,Tine,Umbers,60
768,Brandice,Sooley,11
769,Adolph,FitzGilbert,58
770,Vanda,Lalley,13
771,Christina,Camous,10
772,Shane,Piddick,17
773,Doroteya,Sellick,29
774,Robbert,Cater,39
775,Harriot,McLarnon,8
776,Reg,Leban,33
777,Katine,Curreen,54
778,Krissie,De Roos,19
779,Joshuah,Giraudel,42
780,Fransisco,Hinzer,8
781,Fleurette,Hawking,3
782,Sherry,Howchin,12
783,Correy,Cordie,48
784,Marilyn,Muslim,5
785,Edvard,Silmon,9
786,Kathi,Pearmain,46
787,Ellerey,Paike,33
788,Tandie,Leman,32
789,Vernon,Wadwell,12
790,Damaris,Shearstone,37
791,Corinne,Hansman,47
792,Karlotte,Lehrmann,32
793,Vi,Southernwood,61
794,Hamil,Plumbley,47
795,Cory,Laurentin,24
796,Vinita,Bodd,42
797,Gael,Theakston,18
798,Cully,Fellini,6
799,Brocky,Mingay,34
800,Goldina,Vannini,47
801,Nomi,Ambrose,59
802,Onofredo,Krolak,26
803,Una,Cowlishaw,55
804,Stewart,Vido,9
805,Damara,Rozanski,52
806,Frayda,Leefe,1
807,Barrie,Stronach,41
808,Jaquelin,Charlick,11
809,Tremaine,Longmuir,24
810,Darren,Dolman,18
811,Coretta,Quarrie,27
812,Barton,Rielly,39
813,Xylia,Shavel,1
814,Ado,Catmull,2
815,Blancha,Angric,52
816,Ramsay,Hackinge,57
817,Moises,Blyth,13
818,Lewiss,McNelly,5
819,Zach,Goodliffe,12
820,Alice,Nibley,24
821,Adrianna,Icom,35
822,Cory,Lacky,8
823,Thibaut,Chapell,48
824,Noby,Mathou,7
825,Carleton,Crum,12
826,Avram,Cornwell,10
827,Jaimie,Le Galle,16
828,Immanuel,Wain,55
829,Derrick,Kemmish,13
830,Shayne,Le Page,6
831,Brina,Chaucer,22
832,Jamal,Gudgeon,33
833,Simon,McNickle,3
834,Tammie,Thaxton,38
835,Con,Richards,29
836,Kristan,Zimmer,2
837,Hamil,Jillings,27
838,Zolly,Udy,2
839,Rodd,Yurinov,56
840,Lorette,Borles,29
841,Carlyle,Rodders,27
842,Sharia,Kail,25
843,Nesta,Eiler,23
844,Hedvig,Steers,4
845,Maris,Bonnier,33
846,Reese,Williscroft,8
847,Lilli,Loveless,37
848,Ardys,Picardo,43
849,Brandy,Henriquet,2
850,Ronnie,Baugh,16
851,Kimberli,Bafford,51
852,Val,Whitcombe,61
853,Cobb,Charles,57
854,Madalena,Ziemen,24
855,Randall,Binny,32
856,Valdemar,Koene,52
857,Neile,Geer,50
858,Teodora,Maud,40
859,Webster,Orford,4
860,Cornelle,Karolyi,42
861,Farand,Mackelworth,28
862,Geraldine,Feldbaum,25
863,Serge,Gulliford,48
864,Ervin,Fronek,34
865,Lillian,Emerine,42
866,Onida,Thomazet,13
867,Gayle,Tollerton,32
868,Melamie,Adelman,31
869,Adham,Olechnowicz,41
870,Luigi,Ranger,45
871,Amalee,Tregenna,50
872,Cymbre,Petticrow,54
873,Sheilah,Corre,21
874,Doralynne,Lowe,38
875,Peirce,Ettles,51
876,Marlee,Giddy,15
877,Bird,Clougher,10
878,Antonietta,Trolley,26
879,Iago,Standbrooke,16
880,Kippy,Snead,24
881,Adrian,Crewther,29
882,Eldon,Trevena,43
883,Ludvig,Pagan,12
884,Shawnee,Kira,31
885,Ben,Eberz,45
886,Gawain,Sussams,51
887,Kermie,Reckless,40
888,Nadiya,Kett,21
889,Jervis,Maso,26
890,Tailor,Proffitt,45
891,Adham,Lunck,17
892,Dylan,Bortolomei,59
893,Gareth,Kubacek,2
894,Emylee,Kernley,30
895,Alyda,Piell,9
896,Floyd,Plumbridge,50
897,Andrej,Baskett,30
898,Ariadne,Peatheyjohns,17
899,Lexine,Ilyuchyov,25
900,Shannah,Aucott,22
901,Krisha,Lahiff,53
902,Eberhard,O'Heagertie,8
903,Lyell,Molineaux,7
904,Heidie,Lopez,56
905,Pepita,Piscopo,54
906,Benjamin,O'Hoolahan,36
907,Beniamino,Figgins,54
908,Shepard,Meeus,44
909,Zuzana,Heilds,22
910,Nell,Schankelborg,58
911,Corliss,Pursey,30
912,Johnathan,Cornelius,54
913,Jonathon,Makepeace,47
914,Dyanna,Iacomi,28
915,Alameda,Cisco,9
916,Vale,Izkoveski,5
917,Gale,Arnell,12
918,Ashlee,Hordle,26
919,Tadeas,Klimpt,28
920,Roxi,Jutson,54
921,Hamlen,Eggleson,37
922,Marlie,Sigmund,61
923,Say,Kensett,29
924,Guntar,Rudiger,35
925,Crissie,Dunseath,49
926,Pauly,Korneichuk,32
927,Maddy,Logg,45
928,Blythe,Commings,58
929,Renado,Masson,3
930,Ella,Pahlsson,46
931,Durant,Deex,32
932,Alysia,Ewell,58
933,Lynne,Gather,1
934,Jane,Mayzes,25
935,Morissa,McCumesky,14
936,Englebert,Barclay,29
937,Hinze,Pine,36
938,Orv,Rickertsen,43
939,Russ,Skett,27
940,Hew,Cleeves,28
941,Clive,Weitzel,50
942,Legra,Hundell,15
943,Gill,Akerman,37
944,Pierce,Riddle,25
945,Dulcine,Roarty,24
946,Olwen,Heinzler,2
947,Blondy,Stobart,50
948,Fidelity,Grigoletti,37
949,Katine,Napper,47
950,Mignonne,McManamen,38
951,Chanda,Marcinkus,3
952,Alfy,Boog,46
953,Kattie,Sawfoot,30
954,Anastassia,Cheater,3
955,Fleming,Gath,5
956,Cinderella,Wintringham,53
957,Nadean,Saur,22
958,Morgun,Elflain,45
959,Ivar,De Vaan,26
960,Laurianne,Fletcher,58
961,Hoyt,Chaimson,58
962,Perkin,Rambadt,28
963,Micky,Vondrys,35
964,Dalli,Scanlan,16
965,Tawnya,Diehn,43
966,Collete,Mellhuish,39
967,Konstantin,Sollett,61
968,Prudence,Flintoff,2
969,Jilleen,Lau,38
970,Patrizius,Felstead,21
971,Wendye,Stockall,6
972,Tina,O'Fergus,3
973,Esra,Gabotti,36
974,Garland,Cullrford,28
975,Carolann,Moquin,29
976,Nahum,Bruun,20
977,Tracie,Bravington,30
978,Georas,Currington,21
979,Rhona,Blandamore,60
980,Sheffy,Sproson,28
981,Buck,Corstorphine,40
982,Elisha,Izak,20
983,Diannne,Jessett,2
984,Odille,Fellnee,51
985,Joaquin,Brain,31
986,Rowan,Leftridge,42
987,Illa,Fullom,35
988,Alisa,Dudmesh,37
989,Devland,Ewdale,5
990,Josephina,Deller,2
991,Renato,Kepe,58
992,Izaak,Korneluk,49
993,Ebony,Pech,8
994,Cherish,Meers,28
995,Karlotte,Spurret,6
996,Lavena,Flanders,43
997,Guinevere,Kellock,8
998,Eamon,Cormode,54
999,Rab,Meadmore,34
1000,Whitney,Maunder,36
