1,Lars,Duck,26.10.2014
2,Halli,Baumford,7.8.2016
3,Alane,Eicke,3.11.2007
4,Petra,Kingsnode,20.4.1990
5,Lawry,Penniell,6.5.1999
6,Harmonia,McSkeagan,10.2.1969
7,Martie,Milmoe,28.6.1986
8,Wayne,Kells,13.6.1997
9,Rabi,Carnson,21.9.2021
10,Leanor,Ruggier,22.12.2011
11,Nancie,Iannazzi,29.12.2013
12,Marika,Shale,16.6.1976
13,Irena,Dallemore,18.2.1985
14,Rogerio,Northwood,14.1.1970
15,Wye,Forsaith,21.9.2015
16,Wilek,Arnson,7.12.1961
17,Mac,Doby,3.9.1962
18,Mary,Robertson,9.8.2008
19,Trula,Jarnell,3.6.1969
20,Roselle,Hillen,20.2.2010
21,Bren,Mackneis,13.8.1998
22,Cornelle,Carpenter,19.11.2016
23,Lenette,Gilston,17.10.2015
24,Cornelius,Guilayn,9.6.2008
25,Chico,Gammet,5.7.1990
26,Aindrea,Slocomb,11.3.2020
27,Saundra,Sinnett,2.2.1976
28,Charlotte,Pleasaunce,4.6.1972
29,Hannis,Kingwell,12.6.1978
30,Anette,Umney,27.5.2005
31,Morton,Twelftree,11.8.1961
32,Regine,Jozefowicz,8.5.2004
33,Seymour,MacAlinden,23.3.1993
34,Pamelina,Serjeantson,23.8.2001
35,Ruthi,Gillbanks,25.11.1981
36,Marja,Gorvin,23.2.1965
37,Cornelia,Romanin,3.7.1964
38,Haskell,Kidman,20.4.1968
39,Tom,Shepheard,18.3.1963
40,Sandye,Dietzler,23.6.2010
41,Xavier,Yerrall,15.2.2021
42,Cassandra,Whisson,11.7.1999
43,Caitrin,Sissland,7.1.1966
44,Tarah,Punton,20.2.1997
45,Nanete,Summerrell,28.12.2021
46,Sheila,Occleshaw,18.3.1967
47,Celeste,Sterman,3.6.2007
48,Emanuele,O'Gready,8.3.1980
49,Rakel,Mayow,18.8.2020
50,Tawnya,Mushet,9.2.2008
51,Tracie,Gristhwaite,1.2.2005
52,Tabby,Dwelly,12.6.1992
53,Valaria,Buxy,11.10.2019
54,Tandi,Ernshaw,1.2.2011
55,Tillie,Smedmoor,18.1.1998
56,Francklin,Brugman,28.1.1963
57,Dore,Snoddon,9.5.1965
58,Cecily,Coye,26.6.1979
59,Lilian,Tunnacliffe,26.4.2009
60,Iggy,Joscelin,31.12.2013
61,Sarah,Thirsk,22.4.1977
62,Elfie,Sigert,1.1.2020
63,Tallia,Thornborrow,5.8.1965
64,Lynda,Labusch,24.7.2006
65,Thibaut,Ragg,30.7.1996
66,Jolee,Joyce,11.12.1970
67,Thomas,Lukesch,5.6.1997
68,Stefa,Cottage,13.6.1995
69,Lynsey,Bilofsky,17.5.1969
70,Harmony,Lewsie,5.11.1977
71,Henka,Lezemore,5.9.1980
72,Avril,Pontin,28.4.1977
73,Amelita,Dik,24.4.1986
74,Netta,Halmkin,15.12.2005
75,Anallese,Wapple,10.8.1969
76,Lesley,Martindale,16.8.2005
77,Meghan,Doerren,28.10.1995
78,Roslyn,Cringle,22.7.1971
79,Vin,Le Bosse,3.6.2011
80,Charo,Derye-Barrett,18.10.1987
81,Aggy,Hadgkiss,31.7.1965
82,Ardelia,Stenet,17.9.1997
83,Janaya,Lembrick,29.8.1972
84,Jorge,Wattinham,3.10.2013
85,Sharia,Koppens,4.12.1987
86,Matilda,Drowsfield,3.8.1978
87,Gay,Cardow,6.4.1979
88,Simona,Paulon,29.8.2015
89,Emelina,Ackery,17.9.1961
90,Natka,Jewers,14.4.1961
91,Rosene,Caplan,21.6.1970
92,Neale,Djokic,20.4.2015
93,Alicea,Aiers,5.8.1971
94,Carlie,Greenham,12.3.1986
95,Kermy,Guillain,16.5.2011
96,Liz,Pedlow,25.3.1998
97,Erskine,Witty,30.8.1965
98,Janeczka,Loveard,21.5.2022
99,Alexia,Dundridge,23.6.1966
100,Tabor,Haslock(e),10.12.1973
101,Perren,Brushfield,7.5.1972
102,Bartram,Senecaut,12.3.2007
103,Nadean,Spykings,6.3.1992
104,Martha,Ongin,24.2.1982
105,Linoel,Chalfant,6.4.1984
106,Derek,Wincott,29.9.1993
107,Othello,Ranvoise,6.8.1966
108,Lewes,Matherson,25.8.1989
109,Meade,Harrad,17.12.1969
110,Hollis,Olliff,5.10.1997
111,Mariya,Kiefer,16.3.1994
112,Isabella,De Marchi,17.11.1962
113,Sanson,Groom,4.6.1978
114,Clare,Luard,12.11.1967
115,Harry,Finney,9.9.1992
116,Britta,Beckford,28.9.1989
117,Urbain,Thorneywork,16.6.1976
118,Hyacinthie,Scurrell,24.3.1967
119,Tedra,Dows,21.7.2014
120,Cheri,McPhillips,27.4.1963
121,Kristien,Giscken,12.8.1962
122,Farrel,Keedwell,10.6.2000
123,Dar,Reis,5.8.1975
124,Zsa zsa,de Leon,24.5.1965
125,Shelby,Coils,27.10.2000
126,Dallis,Bottjer,9.3.1996
127,Lyndy,Broadbere,24.9.1988
128,Lorette,Stryde,13.11.1979
129,Laurella,Lalor,25.11.2000
130,Alessandro,Pendrill,6.5.1974
131,Sergeant,O'Doohaine,12.7.1975
132,Flory,Dunton,3.4.1986
133,Cristi,Wilacot,29.9.2007
134,Susy,Andriulis,21.7.2011
135,Cahra,Thorneley,22.2.1978
136,Stefa,Trattles,23.4.1995
137,Kit,Comerford,16.6.2008
138,Wilbur,Hallwood,17.3.2018
139,Alameda,Stranahan,15.3.1973
140,Bathsheba,Fortescue,4.7.2015
141,Dewitt,Bellefant,28.9.1972
142,Dee dee,Clewley,21.9.1965
143,Orelle,Blowers,31.8.2003
144,Gustavus,Plowell,7.9.1982
145,Janis,Cheng,8.9.2020
146,Sallie,Siggin,20.12.2017
147,Oneida,MacTrustrie,14.3.1989
148,Henrik,Bleeze,7.12.2014
149,Deidre,Maylin,29.10.2014
150,Rachael,Donovan,6.7.1985
151,Tito,Caldecot,24.4.1998
152,Herculie,Koppe,4.8.1990
153,Hedwig,Craigs,2.7.2008
154,Carmella,Philippart,29.6.1994
155,Meredithe,Lockitt,26.6.2006
156,Beryle,O'Connolly,19.6.2005
157,Letti,Effaunt,19.3.1974
158,Renault,Tweedy,14.7.1997
159,Jemie,Kingsmill,19.3.1979
160,Brittne,Aloshechkin,11.11.2017
161,Blinni,Duffer,15.10.1962
162,Kerianne,Kleinberer,10.5.1963
163,Maurene,Engley,3.8.1977
164,Nickola,Boldero,25.4.1970
165,Jennifer,Rouch,21.12.2000
166,Lanny,Overthrow,8.10.1979
167,Freida,Ragg,6.9.2017
168,Tiff,Baress,3.7.1999
169,Randa,Cousens,29.5.1979
170,Ralina,Matterdace,7.11.2003
171,Lianne,Allder,23.1.2000
172,Heda,Cleworth,23.12.1990
173,Duky,Hazeley,31.5.1964
174,Katie,Thebeaud,3.9.2006
175,Aime,Torpie,30.4.1988
176,Chrystel,Van Velden,12.9.1983
177,Joelle,Oxer,13.7.1993
178,Maury,Lewens,29.8.2019
179,Urson,Osgordby,2.11.1969
180,Morena,Schwier,16.3.1997
181,Lanette,d'Escoffier,22.9.1993
182,Lark,Sich,27.8.2014
183,Perren,Kellen,20.3.1989
184,Consalve,Bleyman,26.2.1999
185,Marthe,Conklin,2.12.1992
186,Gratiana,Noulton,26.5.2010
187,Marice,Keilloh,1.6.1976
188,Morrie,Weal,11.7.1991
189,Emiline,Scathard,27.10.2004
190,Stephan,Server,17.12.1988
191,Waring,Boulden,11.8.1998
192,Wally,Birkett,9.11.2006
193,Vidovik,Orkney,29.4.2007
194,Ettie,Mulles,4.4.1982
195,Coretta,Morrish,27.1.1978
196,Carolyn,Ingon,6.12.2002
197,Reyna,Woodyear,27.8.1980
198,Sallie,Sarton,22.5.1997
199,Carroll,McQuaid,3.10.1963
200,Thomasa,Burdon,19.11.1975
201,Joell,Aldham,14.4.1996
202,Darla,Threlkeld,27.8.1980
203,Marybelle,Shilstone,4.1.1983
204,Randie,Findon,6.5.1971
205,Hi,Lukianovich,9.9.2002
206,Chrissie,Peever,17.5.1981
207,Hatty,Jobbings,2.8.2021
208,Kylynn,Goodbarr,13.3.2000
209,Madison,Mc Andrew,16.4.2019
210,Raddie,Jorcke,26.11.1966
211,Nyssa,Fielders,28.3.1967
212,Kermie,Vern,16.3.2002
213,Nikki,Seargeant,7.12.1970
214,Cloe,Byre,21.8.2008
215,Callida,Baitman,10.10.1991
216,Quintilla,Tredget,17.1.2013
217,Vilma,Gaymer,18.9.1996
218,Drew,Bere,12.3.1977
219,Elora,Lutwyche,26.6.1987
220,Mallory,Tuohy,5.10.1978
221,Abbot,Roakes,30.5.1987
222,Shay,Kubanek,7.9.1996
223,Edan,Bernard,28.10.2007
224,Allyn,Ockenden,22.10.2014
225,Cassy,Burfitt,21.12.2005
226,Odille,Crutchley,30.11.1969
227,Brunhilda,Loudiane,22.6.1987
228,Delinda,Camacho,5.2.2016
229,Alicia,McIlreavy,1.1.1976
230,Eamon,Quig,22.11.2015
231,Rolland,Brunner,16.10.2011
232,Nicolais,Yitzowitz,21.6.1973
233,Dari,Bulman,11.11.1974
234,Aura,Lanfranchi,25.11.2003
235,Bryna,Jurries,28.9.2006
236,Domingo,Garrie,24.7.2010
237,Trudi,Musslewhite,10.10.2006
238,Eloisa,Greet,13.3.2016
239,Fitzgerald,Haysman,28.1.1987
240,Ivor,Obell,9.12.2008
241,Kendrick,Vasyanin,30.8.2002
242,Antoni,Linforth,26.10.1979
243,Toiboid,Rousby,13.10.1993
244,Ashil,Gillet,8.5.1975
245,Reginald,Parnby,4.8.1977
246,Terrijo,Stanway,13.3.1981
247,Wendi,Bidder,17.6.1992
248,Cammy,Andino,28.11.1964
249,Calypso,Folliott,6.11.1973
250,Donni,Beaman,30.6.2021
251,Charmion,Trowle,30.6.1993
252,Tull,Holton,9.7.1968
253,Teddi,Balf,25.10.1966
254,Conny,Syddon,8.1.1983
255,Eve,Watkinson,27.6.1969
256,Yoshiko,Parram,24.11.2012
257,Charyl,Bader,21.10.1973
258,Karoly,Baccus,7.12.1987
259,Natty,Greenhaugh,30.7.2006
260,Opaline,Iron,16.7.1986
261,Sybil,Palliser,13.8.2012
262,Lisabeth,Pinwill,16.10.2012
263,Alphonse,Anderson,23.9.2014
264,Alphard,Fritschmann,22.1.1974
265,Keary,Entres,30.1.1989
266,Justus,O'Drought,14.2.1968
267,Lilah,Merfin,30.6.2014
268,Arvie,Sowood,10.5.1971
269,Dionis,Jarmain,2.10.1985
270,Gilbert,Drackford,21.10.1964
271,Gilles,Truss,27.12.2011
272,Hiram,Studdard,27.8.2002
273,Zeb,Seeking,15.2.2010
274,Rachelle,Linton,20.4.2010
275,Natalya,Risman,10.3.2013
276,Byron,Meysham,8.9.1995
277,Gillan,Duddy,14.6.2005
278,Skip,Austick,16.12.2012
279,Holli,MacTrustam,12.10.1997
280,Edythe,Piddick,15.7.1982
281,Carlee,Grinaugh,7.6.1994
282,Hal,Hallifax,16.9.1961
283,Inness,Brittian,29.9.1966
284,Carlin,Tinman,5.4.2008
285,Brucie,MacGauhy,26.8.2014
286,Arleen,Carleman,3.5.1980
287,Maible,Dobrowski,11.2.1999
288,Bondy,Streeter,3.11.1974
289,Gran,Farnall,6.2.1969
290,Ebenezer,Klemt,18.12.2003
291,Ollie,Angove,14.7.2006
292,Elfrieda,Yellep,27.3.1984
293,Benjie,Balazin,20.7.1980
294,Korney,Dymock,1.12.1973
295,Vaclav,Amott,8.2.1962
296,Lurleen,MacAfee,24.9.2006
297,Jereme,Neising,14.6.2022
298,Malorie,Dienes,30.7.1976
299,Goldina,Godleman,10.2.1977
300,Marja,Rosenblad,4.3.1979
301,Ferdy,Polino,28.12.1983
302,Astrix,Bartaloni,11.4.1978
303,Stacy,Goggan,20.9.1991
304,Leanora,Yurevich,13.5.1983
305,Ricoriki,Goly,9.3.1978
306,Humbert,Charsley,15.12.1970
307,Nedi,Fouracre,3.8.1995
308,Lise,Ruddlesden,29.11.2007
309,Grazia,Chetter,19.7.2000
310,Prinz,Johanning,14.1.2004
311,Fannie,Bagshawe,20.4.2011
312,Mayer,Allaker,1.1.1989
313,Gert,Tweedell,22.10.2008
314,Dorian,Melby,3.8.2005
315,Guthrey,Doniso,16.10.2015
316,Clio,McFadin,8.2.2007
317,Wilbert,Fussey,4.3.1990
318,Bill,Whiley,6.3.2015
319,Teirtza,Derricoat,10.11.1971
320,Berte,Marchetti,14.3.1998
321,Quintin,Raccio,28.3.1990
322,Francine,Grayland,29.6.1977
323,Tony,Jerrom,7.8.1975
324,Selig,O'Driscole,28.12.2001
325,Cornie,Swaffer,17.12.1978
326,Francesca,Sydry,7.1.2011
327,Lyndel,Pryke,12.8.2007
328,Clara,Lum,5.3.2012
329,Kissee,Hurne,8.12.1992
330,Gwynne,Hallowell,23.2.2009
331,Northrup,Fancutt,21.6.1986
332,Ann,Mackilpatrick,4.1.1962
333,Tonya,Robard,7.2.1985
334,Ginger,Assad,22.12.2016
335,Lillian,Kirby,7.12.1995
336,Mathias,Spiteri,1.8.2013
337,Aristotle,Biffin,13.11.2005
338,Hebert,Mingey,1.5.1971
339,Agneta,McGenis,29.8.1993
340,Letta,Pringuer,22.5.1977
341,Betteann,Milby,13.6.2010
342,Erda,Rochelle,28.12.1978
343,Ode,Radnage,18.12.1964
344,Lissa,Riley,22.11.1965
345,Hermann,Craddy,27.7.2019
346,Tobe,Giriardelli,11.12.2017
347,Letisha,Anstice,20.7.2001
348,Kesley,Fullerton,21.1.1990
349,Jorge,Menilove,25.7.1977
350,Natalina,Stollberger,4.8.2015
351,Dynah,Becks,4.2.1999
352,Kaspar,Cockayne,13.2.2002
353,Marigold,Aleksich,10.8.1987
354,Stewart,Crudginton,1.9.1964
355,Rosamond,Danaher,20.5.2003
356,Guenna,Chellingworth,25.9.2013
357,Burnaby,Scripps,3.6.2014
358,Loutitia,Kneale,25.7.2007
359,Cherice,Moulds,26.4.1974
360,Veda,Habercham,12.11.1963
361,Waneta,Addeycott,20.1.2005
362,Giffard,Exrol,7.11.2011
363,Donnamarie,Aveson,15.8.1974
364,Janeta,Calfe,12.3.1994
365,Daniele,Biernacki,11.2.1990
366,Conny,Moulden,3.4.1968
367,Rebe,Georgot,26.4.1999
368,Rania,Aubery,19.10.2014
369,Lenna,Kryzhov,10.3.2015
370,Jenine,Hutsby,19.11.1997
371,Tadeas,Gass,30.3.1972
372,Elyn,Goring,29.11.1995
373,Lion,Pilbury,27.1.1969
374,Elroy,Carnegie,22.9.1966
375,Ryun,Craiker,25.11.1967
376,Chastity,Teanby,21.1.1973
377,Rheba,Boycott,11.8.2018
378,Ber,Perry,11.6.2004
379,Jason,Trenouth,2.8.1970
380,Alasdair,Pinock,27.10.1983
381,Bank,Zukierman,29.1.1986
382,Dagmar,Kernes,2.10.2014
383,Isahella,Gandy,29.10.1996
384,Celine,Elmhirst,31.3.1978
385,Shanan,Hussell,1.1.1972
386,Rici,Sommerlin,21.12.2002
387,Fredrick,Acey,6.12.1977
388,Jdavie,Allmen,5.1.2022
389,Randee,Hebard,10.9.1971
390,Elysee,Flaune,29.5.1972
391,Mirabel,Barthram,15.11.2013
392,Sidoney,Elsmore,5.1.1961
393,Craig,Conahy,5.11.1985
394,Aliza,Carlozzi,30.10.1997
395,Hernando,Grunbaum,14.1.1983
396,Ina,Bispham,3.2.2002
397,Elizabeth,Deveril,9.8.1990
398,Maryjo,Chese,19.7.1967
399,Kayne,Sessions,13.1.2014
400,Leo,Tesimon,21.7.1983
401,Clemmy,Castell,18.5.1994
402,Rourke,Ramlot,30.3.1986
403,Nilson,Laherty,7.8.2010
404,Ema,Haliday,28.3.2011
405,Gregoor,Loiterton,26.9.1968
406,Koralle,Goodlife,25.3.2022
407,Angelika,Hollows,28.7.1986
408,Lara,Viles,20.3.1982
409,Laural,Illem,30.12.1976
410,Barbaraanne,Sancto,5.2.2006
411,Norina,O'Neill,17.6.2000
412,Obie,Fedorchenko,7.7.2018
413,Hally,Wildor,27.7.1995
414,Bendicty,Romer,22.6.1997
415,Sarene,Cossom,31.10.1996
416,Cloris,Golland,26.3.2007
417,Tan,Godlip,8.7.1999
418,Thedrick,Culp,9.7.1983
419,Cass,Livezley,21.12.1978
420,Nonna,Kinnerley,23.2.1985
421,Helaina,Sussams,4.7.1991
422,Alvan,Hitcham,11.1.1993
423,Eberhard,Beazer,17.10.1997
424,Angela,Rubert,24.6.2020
425,Laurence,Elener,27.2.2016
426,Edgardo,Prise,14.11.1994
427,Cecily,Cuchey,2.11.2007
428,Liza,Megroff,31.3.1973
429,Leland,Greg,17.9.2003
430,Ilene,Thatcham,11.10.2013
431,Baryram,Phelips,7.1.2005
432,Ozzy,Saing,19.8.1991
433,Bordie,Archbould,26.1.1961
434,Yasmeen,Simoncello,12.8.1973
435,Kiele,Rosenblum,5.5.1992
436,Ruprecht,Power,21.11.1974
437,Sibilla,Blackhurst,22.11.2019
438,Othilie,Pretley,22.10.1993
439,Muriel,Leeb,25.3.1982
440,Marcile,Kintzel,13.9.2012
441,Helene,Arnoll,28.5.1978
442,Clarette,Jelphs,20.8.2010
443,Hamid,Hinkens,23.3.1994
444,Johanna,Greenroyd,28.8.1999
445,Frank,Bail,4.10.1995
446,Petey,Shevelin,19.3.1990
447,Barnaby,Gumary,10.1.1973
448,Ginnie,Ridolfi,22.4.2020
449,Monte,Lambourne,24.3.2010
450,Coral,Symmers,14.5.1983
451,Birdie,Mapson,4.2.1969
452,Karna,Reyes,14.8.2010
453,Warde,Labbez,5.6.1999
454,Edeline,Dudek,14.12.1998
455,Deborah,Penton,11.8.2018
456,Zaria,Novacek,17.5.1993
457,Kaiser,Thonason,14.10.1961
458,Emmalynne,Metherell,19.2.2018
459,Sarge,Josilowski,30.9.1974
460,Hagen,Cossam,10.2.1991
461,Abigail,Tohill,4.3.1985
462,Maynord,Ruddlesden,3.6.1962
463,Fredrika,Goseling,24.3.1985
464,Rouvin,Mattiato,2.6.2020
465,Gib,Edwin,14.7.1989
466,Patrizio,Guilder,14.7.2005
467,Udall,Mathieson,31.10.2018
468,Jaimie,McAvin,17.12.1979
469,Krystal,Roberts,12.1.1971
470,Opalina,de Quesne,27.6.2009
471,Carleton,Ivanusyev,28.10.2012
472,Will,Henstridge,31.10.2010
473,Dorthy,Ascraft,12.5.1963
474,Farr,Clymer,26.6.1995
475,Philip,Slimmon,8.2.1993
476,Mitchel,Sinson,22.6.1980
477,Holly,Fantin,31.1.1988
478,Rufe,Dablin,8.5.1961
479,Wilow,Rowbotham,5.1.1972
480,Rawley,Bust,29.1.2022
481,Neel,Vizor,18.10.1972
482,Ansley,Iskowicz,4.9.1987
483,Naoma,Riepl,18.2.2022
484,Laetitia,Shard,25.3.1984
485,Marlane,Measey,1.4.1967
486,Lanny,Minifie,18.4.1962
487,Levy,Guile,26.5.1971
488,Dacie,Christophe,17.3.1973
489,Algernon,Crebott,2.9.1967
490,Noreen,Josefer,29.9.1999
491,Joshua,Cuddy,26.6.1961
492,Rana,Wison,24.5.1965
493,Pembroke,Ogelsby,29.3.1978
494,Randa,Ostick,3.8.1998
495,Hagan,Dommerque,4.12.1979
496,Coletta,Delany,27.9.1996
497,Magdaia,Stopper,12.7.1963
498,Barde,Overy,29.5.1982
499,Cristionna,Valencia,1.5.1973
500,Nike,Lerego,1.4.1992
501,Tymon,Fley,22.8.1995
502,Tessi,Sculley,22.4.2019
503,Sena,Arias,19.8.1968
504,Abner,Keizman,8.9.2009
505,Robby,Dana,10.9.1993
506,Gregorius,Bruni,27.5.1984
507,Cinda,Gardener,13.6.2017
508,Pearl,Riddall,28.11.1998
509,Freedman,Basford,29.9.1961
510,Wilton,Whitman,21.5.2020
511,Selig,Cartwight,29.2.2008
512,Travis,Hue,13.11.1967
513,Brandea,Matkin,18.8.2004
514,Krishna,Davidescu,2.7.1980
515,Boonie,Prin,22.11.1968
516,Mikkel,Lindback,12.2.1994
517,Berrie,Shilladay,5.6.1961
518,Dorris,Mattedi,2.6.1962
519,Marcellus,Goeff,7.2.1989
520,Tymothy,Champain,2.8.2008
521,Roxy,Van den Hof,21.6.1979
522,Costanza,Mechic,4.10.2000
523,Albertina,Bigadike,4.1.2007
524,Elvina,Balk,8.12.1981
525,Neville,Ketteringham,7.5.1984
526,Harcourt,Remington,12.9.1971
527,Flint,Ovanesian,20.11.2013
528,Hope,Exon,31.8.2013
529,Murielle,Dummer,10.4.2015
530,Mufinella,De Meyer,5.1.1993
531,Westleigh,Lowres,25.3.2022
532,Brion,Milington,1.9.2009
533,Wolfy,Gisbye,15.8.1977
534,Karylin,Dimitriev,24.7.2014
535,Vittoria,Toplin,20.12.2003
536,Minda,Burdekin,23.8.1981
537,Aurea,Olle,28.7.1981
538,Ram,Arnson,28.10.1977
539,Elsa,Durgan,24.10.1978
540,Dina,McElvine,27.4.1992
541,Christy,Brimley,23.5.2008
542,Luther,De Vere,9.4.1976
543,Jaquenetta,Zahor,21.4.2016
544,Jerrilyn,McLafferty,11.1.1971
545,Callean,Graveson,21.3.1994
546,Sidonnie,Morat,10.10.2018
547,Manny,Hanham,9.1.2000
548,Camila,Mountlow,14.9.2014
549,Danella,Kenningham,29.12.2015
550,Dilan,Vanezis,28.9.2018
551,Arlen,Kalberer,22.8.2018
552,Ermengarde,Muris,21.11.1974
553,Alaine,Vanyatin,22.11.1991
554,Rozella,Tregidga,26.8.1994
555,Rebecka,Gwinnel,3.8.1978
556,Mackenzie,Geffen,21.1.1969
557,Kaia,Featherston,3.7.1979
558,Peirce,Crompton,25.8.2001
559,Walden,Penhall,13.8.1995
560,Delmor,Camoletto,6.3.2018
561,Henriette,Nurny,3.2.2018
562,Deane,D'Antoni,17.6.1979
563,Angel,Gergolet,12.1.1985
564,Koren,Lucia,28.4.2003
565,Mirabelle,Philpotts,24.7.2004
566,Haleigh,Giacomo,21.4.1971
567,Berthe,Dunnico,30.4.1961
568,Dara,Lindenberg,25.11.1971
569,Carny,Hawford,22.3.2009
570,Borden,Tharme,25.3.1968
571,Beatriz,Carradice,19.3.1977
572,Joanna,Antliff,27.3.1970
573,Slade,Conelly,15.8.2020
574,Ryley,Swoffer,9.8.2022
575,Pepillo,D'Angeli,30.7.1964
576,Harlen,Fullagar,10.11.1974
577,Leonie,Bramwell,28.9.1962
578,Ignatius,Sebborn,22.1.1971
579,Manuel,Jacob,9.4.1984
580,Antonio,Iacopo,6.7.1975
581,Kerri,De Pero,7.1.1965
582,Doroteya,White,20.1.2001
583,Sollie,Urling,3.10.1997
584,Eba,Meadowcroft,9.9.1983
585,Teri,Kabsch,26.9.2018
586,Alexio,Longfellow,24.3.1970
587,Lorenza,Shires,23.3.1970
588,Norrie,Watts,19.2.1977
589,Mariya,Hoffner,14.11.1992
590,Marrissa,Goodacre,17.5.2012
591,Hilary,Sainer,29.12.2010
592,Brent,Stoile,17.6.1970
593,Jan,Hawgood,30.5.2014
594,Justinian,Kinver,10.8.1987
595,Daniella,Giraudo,14.11.1975
596,Cassius,Battie,20.5.1973
597,Paxon,Bowra,27.3.2020
598,Bailey,Peachman,5.9.2022
599,Buddy,Harwood,26.10.2022
600,Jeffry,Starking,18.1.1986
601,Eugene,Dimmer,3.3.2020
602,Alwyn,Melpuss,9.3.1990
603,Philbert,Engledow,2.7.1971
604,Bobbi,Haydn,24.7.2006
605,Joyous,Moulden,30.9.2004
606,Annmaria,Murrthum,28.10.2018
607,Maitilde,Ferreras,18.2.1993
608,Franz,Pyke,11.8.2006
609,Heather,Sara,11.12.2017
610,Koral,Fricke,3.10.1978
611,Gunther,Vynoll,11.3.2013
612,Elga,Whale,27.9.1979
613,Dick,Tetford,1.3.1981
614,Therine,Attrill,5.12.1969
615,Jacenta,Hebbard,8.12.1981
616,Rubi,Botly,4.7.2010
617,Fern,Somerbell,30.4.1991
618,Lanny,Stedson,19.6.2014
619,Rutherford,Zellmer,4.3.1974
620,Ofilia,Merriott,27.3.2015
621,Florette,Flute,20.7.1997
622,Carmen,Panter,1.3.1997
623,Franciskus,Scholler,2.1.1977
624,Garland,Droogan,3.2.2006
625,Kile,Feldbrin,2.5.2009
626,Oralla,Avrahm,4.8.2014
627,Hugues,Carlan,15.4.2013
628,Letisha,Lanchester,15.6.1979
629,Theo,Goodsir,4.5.1992
630,Griz,Lantaff,3.9.2002
631,Kennie,Catton,12.10.1969
632,Karlene,Isaksson,13.11.2017
633,Ly,Desbrow,29.3.1987
634,Nikoletta,Milbourne,29.7.1983
635,Raquel,Gregol,11.2.2019
636,Meredithe,Brandenburg,10.8.1990
637,Matti,Mathevet,16.7.1990
638,Ryan,Binney,14.12.1987
639,Ashil,Cominello,10.5.2010
640,Corby,Scibsey,6.8.2012
641,Alison,Bichard,27.4.1991
642,Carlyle,Praten,9.11.1971
643,Nessi,Eskriett,13.5.2003
644,Conchita,Allflatt,20.12.1963
645,Demetria,Colliard,29.4.1969
646,Pamella,McGeaney,11.12.2018
647,Anton,Inglish,4.8.2005
648,Eunice,Champniss,5.6.2021
649,Jacenta,Marrable,26.2.1964
650,Lanni,Palomba,19.1.1979
651,Buck,Allridge,14.7.1963
652,Nicolis,Thackray,27.10.2018
653,Susanna,Baddeley,1.6.2010
654,Aube,Leafe,28.2.1979
655,Leone,Cearley,30.5.1979
656,Jenda,Rider,30.9.2001
657,Wakefield,Pellman,13.2.1989
658,Ralf,L'argent,23.2.1993
659,Aaren,Hassewell,24.3.2009
660,Dyana,Pyrah,29.1.1985
661,Agatha,Bachnic,17.7.1991
662,Danie,Bagger,26.9.1993
663,Cully,Degoe,5.11.1962
664,Crawford,Mackieson,3.10.1982
665,Erl,Vooght,8.4.2021
666,Wolfie,Chillingsworth,8.6.1961
667,Broderic,Docksey,16.4.2006
668,Tootsie,MacLeod,9.10.1991
669,Ransom,Sambath,28.10.1981
670,Beulah,Brimilcombe,22.5.2016
671,Kalle,Showl,6.9.1961
672,Ches,McEnery,22.1.1989
673,Ula,Costain,9.10.1979
674,Sherman,Passler,16.2.2004
675,Giffie,Plumbridge,7.3.1968
676,Harrietta,Coogan,27.2.2004
677,Mag,Teulier,15.10.1974
678,Alisun,Skeels,10.4.2004
679,Morrie,Yerson,25.4.1973
680,Eustace,Coathup,18.11.2012
681,Inglebert,Bleue,4.6.2003
682,Douglas,Schubart,30.3.1986
683,Ray,Poat,15.1.2002
684,Ileane,Jaszczak,20.6.2009
685,Giffy,Armstead,1.5.2006
686,Sula,Shorte,12.6.2019
687,Jobi,Bitterton,15.1.1969
688,Gert,Tidey,6.12.2005
689,Meagan,Gilderoy,9.12.1969
690,Riane,MacGowing,15.6.1997
691,Nicol,Wignall,6.4.1971
692,Cymbre,Zorzini,29.9.1996
693,Julietta,Bayford,30.3.2019
694,Lek,Hardwidge,10.1.1963
695,Thekla,Birchner,9.9.2021
696,Roze,Castelow,17.12.2002
697,Mar,Pie,6.11.1983
698,Gilbertine,Epine,12.7.1986
699,Peyton,Shilladay,30.11.1985
700,Corbet,Grolmann,26.8.1969
701,Wally,Moylan,28.4.1970
702,Carlo,Cheeld,4.6.1972
703,Milly,Bettenson,29.7.2014
704,Claude,Tween,8.5.1969
705,Maiga,Ingledow,27.9.1975
706,Delia,Hungerford,7.4.1983
707,Karoly,Norman,4.6.2010
708,Celene,Stileman,9.4.2006
709,Stephenie,Salsbury,1.9.1977
710,Cathrin,Blissitt,4.9.2004
711,Tye,Cracie,4.5.1998
712,Stavros,Willgoose,21.10.1985
713,Con,Blackstone,24.12.1968
714,Shelley,Jockle,25.1.1985
715,Jasper,Gudyer,4.5.2017
716,Cymbre,Urien,9.7.1991
717,Pam,O'Callaghan,22.4.1982
718,Nessy,Wylder,2.4.1962
719,Ilise,Klassman,13.7.1982
720,Donna,Landells,27.3.2001
721,Rubin,Escot,13.8.1988
722,Jacki,Venditti,26.2.1964
723,Miles,Phillis,14.2.2017
724,Kara,Kleuer,7.1.1992
725,Tammara,MacCauley,9.2.2011
726,Rosamund,Wrankling,21.8.1984
727,Glori,Thomesson,23.2.1989
728,Reagan,Kaman,7.5.2015
729,Sollie,Mulberry,23.2.1997
730,Madelene,Kerkham,10.1.1989
731,Hana,Andreoletti,18.10.1988
732,Bradney,Frankis,26.4.1969
733,Corenda,Annakin,19.3.2021
734,Viviana,Yarranton,28.7.2005
735,Enrique,Flobert,28.9.1970
736,Dulcie,Glencros,15.3.1988
737,Spencer,MacCrann,11.7.1983
738,Sigismund,Pooke,6.8.1968
739,Arv,Gunnell,7.9.2001
740,Jermain,Haslum,16.1.1999
741,Selena,Fowgies,28.5.2022
742,Fidela,Lasslett,12.3.1990
743,Antonietta,Domican,7.3.2016
744,Ericha,Keford,25.2.1993
745,Sabine,Weins,19.6.2007
746,Alisha,Luckcuck,23.9.1961
747,Jorgan,Moorrud,15.5.2005
748,Hastie,Meneur,20.3.1962
749,Shadow,Novis,27.8.2004
750,Aarika,Marlowe,11.1.1964
751,Dunstan,Ridsdole,8.11.2012
752,Georgine,Stiger,12.11.1977
753,Yetta,Bradbury,19.5.1998
754,Yevette,De Gowe,4.7.2018
755,Nikolia,Emma,11.9.1996
756,Jodee,Vernay,20.11.1983
757,Ben,Margeram,19.12.2011
758,Rayshell,Quantrell,28.10.1999
759,Jolyn,Bradbury,27.4.2011
760,Zebadiah,Skelhorn,22.7.2009
761,Ignazio,Goodale,5.12.1971
762,Elissa,Pochon,23.12.1967
763,Analise,Josefovic,14.9.1986
764,Glynn,Dockree,18.12.1990
765,Freemon,Fynes,27.5.2004
766,Rabbi,Southerell,8.2.2019
767,Tine,Umbers,30.11.1962
768,Brandice,Sooley,2.3.2011
769,Adolph,FitzGilbert,17.5.1964
770,Vanda,Lalley,2.10.2009
771,Christina,Camous,11.9.2012
772,Shane,Piddick,20.9.2005
773,Doroteya,Sellick,14.7.1993
774,Robbert,Cater,17.5.1983
775,Harriot,McLarnon,24.5.2014
776,Reg,Leban,23.12.1989
777,Katine,Curreen,7.8.1968
778,Krissie,De Roos,9.4.2003
779,Joshuah,Giraudel,3.3.1980
780,Fransisco,Hinzer,11.8.2014
781,Fleurette,Hawking,21.3.2019
782,Sherry,Howchin,16.12.2010
783,Correy,Cordie,30.6.1974
784,Marilyn,Muslim,16.12.2017
785,Edvard,Silmon,24.6.2013
786,Kathi,Pearmain,25.1.1976
787,Ellerey,Paike,30.7.1989
788,Tandie,Leman,17.2.1990
789,Vernon,Wadwell,15.5.2010
790,Damaris,Shearstone,14.2.1985
791,Corinne,Hansman,1.6.1975
792,Karlotte,Lehrmann,11.5.1990
793,Vi,Southernwood,19.9.1961
794,Hamil,Plumbley,29.9.1975
795,Cory,Laurentin,5.3.1998
796,Vinita,Bodd,3.3.1980
797,Gael,Theakston,31.10.2004
798,Cully,Fellini,5.5.2016
799,Brocky,Mingay,24.10.1988
800,Goldina,Vannini,17.2.1975
801,Nomi,Ambrose,1.6.1963
802,Onofredo,Krolak,20.11.1996
803,Una,Cowlishaw,22.11.1967
804,Stewart,Vido,1.7.2013
805,Damara,Rozanski,9.2.1970
806,Frayda,Leefe,25.10.2021
807,Barrie,Stronach,15.9.1981
808,Jaquelin,Charlick,9.5.2011
809,Tremaine,Longmuir,21.4.1998
810,Darren,Dolman,21.3.2004
811,Coretta,Quarrie,27.5.1995
812,Barton,Rielly,19.10.1983
813,Xylia,Shavel,6.3.2021
814,Ado,Catmull,7.12.2020
815,Blancha,Angric,24.2.1970
816,Ramsay,Hackinge,6.2.1965
817,Moises,Blyth,14.8.2009
818,Lewiss,McNelly,19.5.2017
819,Zach,Goodliffe,7.8.2010
820,Alice,Nibley,1.11.1998
821,Adrianna,Icom,26.7.1987
822,Cory,Lacky,11.8.2014
823,Thibaut,Chapell,19.5.1974
824,Noby,Mathou,21.2.2015
825,Carleton,Crum,24.2.2010
826,Avram,Cornwell,14.9.2012
827,Jaimie,Le Galle,20.3.2006
828,Immanuel,Wain,22.12.1967
829,Derrick,Kemmish,8.3.2009
830,Shayne,Le Page,12.2.2016
831,Brina,Chaucer,4.5.2000
832,Jamal,Gudgeon,19.9.1989
833,Simon,McNickle,9.4.2019
834,Tammie,Thaxton,20.6.1984
835,Con,Richards,26.12.1993
836,Kristan,Zimmer,4.9.2020
837,Hamil,Jillings,19.8.1995
838,Zolly,Udy,30.6.2020
839,Rodd,Yurinov,3.6.1966
840,Lorette,Borles,26.12.1993
841,Carlyle,Rodders,26.1.1995
842,Sharia,Kail,2.9.1997
843,Nesta,Eiler,8.10.1999
844,Hedvig,Steers,5.10.2018
845,Maris,Bonnier,26.3.1989
846,Reese,Williscroft,5.3.2014
847,Lilli,Loveless,14.11.1985
848,Ardys,Picardo,5.8.1979
849,Brandy,Henriquet,4.12.2020
850,Ronnie,Baugh,14.11.2006
851,Kimberli,Bafford,17.6.1971
852,Val,Whitcombe,6.8.1961
853,Cobb,Charles,7.1.1965
854,Madalena,Ziemen,2.4.1998
855,Randall,Binny,12.6.1990
856,Valdemar,Koene,19.7.1970
857,Neile,Geer,1.8.1972
858,Teodora,Maud,29.12.1982
859,Webster,Orford,16.7.2018
860,Cornelle,Karolyi,15.4.1980
861,Farand,Mackelworth,15.8.1994
862,Geraldine,Feldbaum,3.5.1997
863,Serge,Gulliford,12.2.1974
864,Ervin,Fronek,10.7.1988
865,Lillian,Emerine,10.5.1980
866,Onida,Thomazet,19.5.2009
867,Gayle,Tollerton,18.8.1990
868,Melamie,Adelman,7.9.1991
869,Adham,Olechnowicz,7.10.1981
870,Luigi,Ranger,23.6.1977
871,Amalee,Tregenna,25.11.1972
872,Cymbre,Petticrow,26.8.1968
873,Sheilah,Corre,7.1.2001
874,Doralynne,Lowe,6.10.1984
875,Peirce,Ettles,9.4.1971
876,Marlee,Giddy,12.8.2007
877,Bird,Clougher,27.8.2012
878,Antonietta,Trolley,21.1.1996
879,Iago,Standbrooke,10.12.2006
880,Kippy,Snead,24.5.1998
881,Adrian,Crewther,22.10.1993
882,Eldon,Trevena,24.6.1979
883,Ludvig,Pagan,15.12.2010
884,Shawnee,Kira,2.10.1991
885,Ben,Eberz,27.11.1977
886,Gawain,Sussams,9.8.1971
887,Kermie,Reckless,21.6.1982
888,Nadiya,Kett,30.11.2001
889,Jervis,Maso,13.10.1996
890,Tailor,Proffitt,11.8.1977
891,Adham,Lunck,26.6.2005
892,Dylan,Bortolomei,18.4.1963
893,Gareth,Kubacek,12.5.2020
894,Emylee,Kernley,2.5.1992
895,Alyda,Piell,18.3.2013
896,Floyd,Plumbridge,12.7.1972
897,Andrej,Baskett,3.12.1992
898,Ariadne,Peatheyjohns,27.10.2005
899,Lexine,Ilyuchyov,29.5.1997
900,Shannah,Aucott,19.10.2000
901,Krisha,Lahiff,11.2.1969
902,Eberhard,O'Heagertie,3.6.2014
903,Lyell,Molineaux,27.11.2015
904,Heidie,Lopez,19.4.1966
905,Pepita,Piscopo,26.9.1968
906,Benjamin,O'Hoolahan,30.8.1986
907,Beniamino,Figgins,10.12.1968
908,Shepard,Meeus,6.9.1978
909,Zuzana,Heilds,13.7.2000
910,Nell,Schankelborg,16.9.1964
911,Corliss,Pursey,25.9.1992
912,Johnathan,Cornelius,7.11.1968
913,Jonathon,Makepeace,4.9.1975
914,Dyanna,Iacomi,17.9.1994
915,Alameda,Cisco,11.5.2013
916,Vale,Izkoveski,27.4.2017
917,Gale,Arnell,22.8.2010
918,Ashlee,Hordle,25.10.1996
919,Tadeas,Klimpt,17.11.1994
920,Roxi,Jutson,27.8.1968
921,Hamlen,Eggleson,29.11.1985
922,Marlie,Sigmund,23.7.1961
923,Say,Kensett,30.1.1993
924,Guntar,Rudiger,20.2.1987
925,Crissie,Dunseath,14.2.1973
926,Pauly,Korneichuk,27.3.1990
927,Maddy,Logg,5.3.1977
928,Blythe,Commings,31.10.1964
929,Renado,Masson,8.2.2019
930,Ella,Pahlsson,23.8.1976
931,Durant,Deex,13.12.1990
932,Alysia,Ewell,10.7.1964
933,Lynne,Gather,6.7.2021
934,Jane,Mayzes,21.1.1997
935,Morissa,McCumesky,3.7.2008
936,Englebert,Barclay,2.3.1993
937,Hinze,Pine,9.11.1986
938,Orv,Rickertsen,3.2.1979
939,Russ,Skett,15.12.1995
940,Hew,Cleeves,1.12.1994
941,Clive,Weitzel,29.6.1972
942,Legra,Hundell,18.10.2007
943,Gill,Akerman,28.8.1985
944,Pierce,Riddle,9.10.1997
945,Dulcine,Roarty,11.1.1998
946,Olwen,Heinzler,29.5.2020
947,Blondy,Stobart,13.6.1972
948,Fidelity,Grigoletti,29.3.1985
949,Katine,Napper,29.6.1975
950,Mignonne,McManamen,27.5.1984
951,Chanda,Marcinkus,23.12.2019
952,Alfy,Boog,30.3.1976
953,Kattie,Sawfoot,13.1.1992
954,Anastassia,Cheater,30.7.2019
955,Fleming,Gath,16.7.2017
956,Cinderella,Wintringham,23.6.1969
957,Nadean,Saur,14.8.2000
958,Morgun,Elflain,17.5.1977
959,Ivar,De Vaan,17.9.1996
960,Laurianne,Fletcher,14.6.1964
961,Hoyt,Chaimson,22.10.1964
962,Perkin,Rambadt,23.5.1994
963,Micky,Vondrys,16.7.1987
964,Dalli,Scanlan,23.10.2006
965,Tawnya,Diehn,7.2.1979
966,Collete,Mellhuish,24.12.1983
967,Konstantin,Sollett,9.5.1961
968,Prudence,Flintoff,16.10.2020
969,Jilleen,Lau,31.8.1984
970,Patrizius,Felstead,29.8.2001
971,Wendye,Stockall,13.10.2016
972,Tina,O'Fergus,17.2.2019
973,Esra,Gabotti,11.4.1986
974,Garland,Cullrford,10.6.1994
975,Carolann,Moquin,30.8.1993
976,Nahum,Bruun,11.7.2002
977,Tracie,Bravington,27.3.1992
978,Georas,Currington,9.12.2001
979,Rhona,Blandamore,30.8.1962
980,Sheffy,Sproson,14.10.1994
981,Buck,Corstorphine,9.5.1982
982,Elisha,Izak,30.9.2002
983,Diannne,Jessett,20.8.2020
984,Odille,Fellnee,8.10.1971
985,Joaquin,Brain,12.8.1991
986,Rowan,Leftridge,28.9.1980
987,Illa,Fullom,15.8.1987
988,Alisa,Dudmesh,1.6.1985
989,Devland,Ewdale,16.2.2017
990,Josephina,Deller,22.6.2020
991,Renato,Kepe,22.7.1964
992,Izaak,Korneluk,20.10.1973
993,Ebony,Pech,17.8.2014
994,Cherish,Meers,11.3.1994
995,Karlotte,Spurret,18.2.2016
996,Lavena,Flanders,24.6.1979
997,Guinevere,Kellock,12.2.2014
998,Eamon,Cormode,28.9.1968
999,Rab,Meadmore,9.12.1988
1000,Whitney,Maunder,4.9.1986
